record_id,date,slide,staining,fixation,scope,filename,file,p_antibody1,p_antibody2,p_antibody3,p_antibody4,p_antibody5,s_antibody1,s_antibody2,s_antibody3,s_antibody4,s_antibody5,p_vendor1,p_vendor2,p_vendor3,p_vendor4,p_vendor5,s_vendor1,s_vendor2,s_vendor3,s_vendor4,s_vendor5,p_cat_no1,p_cat_no2,p_cat_no3,p_cat_no4,p_cat_no5,s_cat_no1,s_cat_no2,s_cat_no3,s_cat_no4,s_cat_no5,p_host1,p_host2,p_host3,p_host4,p_host5,s_host1,s_host2,s_host3,s_host4,s_host5,target_protein1,target_protein2,target_protein3,target_protein4,target_protein5,target_species1,target_species2,target_species3,target_species4,target_species5,p_dilution1,p_dilution2,p_dilution3,p_dilution4,p_dilution5,s_dilution1,s_dilution2,s_dilution3,s_dilution4,s_dilution5,p_conjugate1,p_conjugate2,p_conjugate3,p_conjugate4,p_conjugate5,s_conjugate1,s_conjugate2,s_conjugate3,s_conjugate4,s_conjugate5,slidepicture,experimenter,visium_slides_complete,species_a1,sample_a1,region_a1,serial_a1,adjacent_a1,tissue_format_a1,project_a1,image_a1,sequenced_a1,assay1_a1,assay2_a1,assay3_a1,assay4_a1,assay5_a1,date1_a1,date2_a1,date3_a1,date4_a1,date5_a1,sample_number1_a1,sample_number2_a1,sample_number3_a1,sample_number4_a1,sample_number5_a1,master_sheet1_a1,master_sheet2_a1,master_sheet3_a1,master_sheet4_a1,master_sheet5_a1,sample_filename1_a1,sample_filename2_a1,sample_filename3_a1,sample_filename4_a1,sample_filename5_a1,experimenter1_a1,experimenter2_a1,experimenter3_a1,experimenter4_a1,experimenter5_a1,index_name1_a1,index_name2_a1,index_name3_a1,index_name4_a1,index_name5_a1,indexi71_a1,indexi72_a1,indexi73_a1,indexi74_a1,indexi75_a1,index2_ai5_1_a1,index2_ai5_2_a1,index2_ai5_3_a1,index2_ai5_4_a1,index2_ai5_5_a1,index2_bi5_1_a1,index2_bi5_2_a1,index2_bi5_3_a1,index2_bi5_4_a1,index2_bi5_5_a1,approver_a1,array_a1_5058_complete,species_b1,sample_b1,region_b1,serial_b1,adjacent_b1,tissue_format_b1,project_b1,image_b1,sequenced_b1,assay1_b1,assay2_b1,assay3_b1,assay4_b1,assay5_b1,date1_b1,date2_b1,date3_b1,date4_b1,date5_b1,sample_number1_b1,sample_number2_b1,sample_number3_b1,sample_number4_b1,sample_number5_b1,master_sheet1_b1,master_sheet2_b1,master_sheet3_b1,master_sheet4_b1,master_sheet5_b1,sample_filename1_b1,sample_filename2_b1,sample_filename3_b1,sample_filename4_b1,sample_filename5_b1,experimenter1_b1,experimenter2_b1,experimenter3_b1,experimenter4_b1,experimenter5_b1,index_name1_b1,index_name2_b1,index_name3_b1,index_name4_b1,index_name5_b1,indexi71_b1,indexi72_b1,indexi73_b1,indexi74_b1,indexi75_b1,index2_ai5_1_b1,index2_ai5_2_b1,index2_ai5_3_b1,index2_ai5_4_b1,index2_ai5_5_b1,index2_bi5_1_b1,index2_bi5_2_b1,index2_bi5_3_b1,index2_bi5_4_b1,index2_bi5_5_b1,approver_b1,array_b1_complete,species_c1,sample_c1,region_c1,serial_c1,adjacent_c1,tissue_format_c1,project_c1,image_c1,sequenced_c1,assay1_c1,assay2_c1,assay3_c1,assay4_c1,assay5_c1,date1_c1,date2_c1,date3_c1,date4_c1,date5_c1,sample_number1_c1,sample_number2_c1,sample_number3_c1,sample_number4_c1,sample_number5_c1,master_sheet1_c1,master_sheet2_c1,master_sheet3_c1,master_sheet4_c1,master_sheet5_c1,sample_filename1_c1,sample_filename2_c1,sample_filename3_c1,sample_filename4_c1,sample_filename5_c1,experimenter1_c1,experimenter2_c1,experimenter3_c1,experimenter4_c1,experimenter5_c1,index_name1_c1,index_name2_c1,index_name3_c1,index_name4_c1,index_name5_c1,indexi71_c1,indexi72_c1,indexi73_c1,indexi74_c1,indexi75_c1,index2_ai5_1_c1,index2_ai5_2_c1,index2_ai5_3_c1,index2_ai5_4_c1,index2_ai5_5_c1,index2_bi5_1_c1,index2_bi5_2_c1,index2_bi5_3_c1,index2_bi5_4_c1,index2_bi5_5_c1,approver_c1,array_c1_complete,species_d1,sample_d1,region_d1,serial_d1,adjacent_d1,tissue_format_d1,project_d1,image_d1,sequenced_d1,assay1_d1,assay2_d1,assay3_d1,assay4_d1,assay5_d1,date1_d1,date2_d1,date3_d1,date4_d1,date5_d1,sample_number1_d1,sample_number2_d1,sample_number3_d1,sample_number4_d1,sample_number5_d1,master_sheet1_d1,master_sheet2_d1,master_sheet3_d1,master_sheet4_d1,master_sheet5_d1,sample_filename1_d1,sample_filename2_d1,sample_filename3_d1,sample_filename4_d1,sample_filename5_d1,experimenter1_d1,experimenter2_d1,experimenter3_d1,experimenter4_d1,experimenter5_d1,index_name1_d1,index_name2_d1,index_name3_d1,index_name4_d1,index_name5_d1,indexi71_d1,indexi72_d1,indexi73_d1,indexi74_d1,indexi75_d1,index2_ai5_1_d1,index2_ai5_2_d1,index2_ai5_3_d1,index2_ai5_4_d1,index2_ai5_5_d1,index2_bi5_1_d1,index2_bi5_2_d1,index2_bi5_3_d1,index2_bi5_4_d1,index2_bi5_5_d1,approver_d1,array_d1_complete
1,2021-10-06,V10B01-085,HE,Reg,CS2,,tif,,,,,,,,,,,,,,,,,,,,,,,,,,,,,,,,,,,,,,,,,,,,,,,,,,,,,,,,,,,,,,,,,,,,,,,,Heena Divecha,2,human,Br6423-O,HPC,N,,S,spatialHPC_LIBD4035,,1,visium,,,,,,,,,,01_V_H,**_*_***,**_*_***,**_*_***,**_*_***,Visium_HPC_Round1+2_110321_Master_SCP,,,,,,,,,,Heena Divecha,,,,,SI-TT-F1,SI-TT-**,SI-TT-**,SI-TT-**,SI-TT-**,GAGACGCACG,,,,,CTATGAACAT,,,,,ATGTTCATAG,,,,,MADHAVI TIPPANI,0,human,Br6423-O,HPC,N,,C,spatialHPC_LIBD4035,,1,visium,,,,,,,,,,02_V_H,,,,,Visium_HPC_Round1+2_110321_Master_SCP,,,,,,,,,,Heena Divecha,,,,,SI-TT-G12,,,,,CTTGCATAAA,,,,,ATCAGGGCTT,,,,,AAGCCCTGAT,,,,,Madhavi Tippani,2,human,Br6423-O,HPC,N,,S,spatialHPC_LIBD4035,,1,visium,,,,,,,,,,03_V_H,,,,,Visium_HPC_Round1+2_110321_Master_SCP,,,,,,,,,,Heena Divecha,,,,,SI-TT-H12,,,,,TGATGATTCA,,,,,GTAGGAGTCG,,,,,CGACTCCTAC,,,,,Madhavi Tippani,2,human,Br6423-O,HPC,N,,S,spatialHPC_LIBD4035,,1,visium,,,,,,,,,,04_V_H,,,,,Visium_HPC_Round1+2_110321_Master_SCP,,,,,,,,,,Heena Divecha,,,,,SI-TT-A1,,,,,GTAACATGCG,,,,,AGTGTTACCT,,,,,AGGTAACACT,,,,,Madhavi Tippani,2
2,2021-02-03,V10A27-106,IF,Reg,Polaris,,tif,,,,,,,,,,,,,,,,,,,,,,,,,,,,,,,,,,,,,,,,,,,,,,,,,,,,,,,,,,,,,,,,,,,,,,,,Sang Ho Kwon,2,,,,,,,spatialDLPFC_LIBD4035,,,,,,,,,,,,,**_*_***,**_*_***,**_*_***,**_*_***,**_*_***,,,,,,,,,,,,,,,,SI-TT-**,SI-TT-**,SI-TT-**,SI-TT-**,SI-TT-**,,,,,,,,,,,,,,,,,0,,,,,,,spatialDLPFC_LIBD4035,,,,,,,,,,,,,**_*_**,**_*_**,**_*_**,**_*_**,**_*_**,,,,,,,,,,,,,,,,SI-TT-**,SI-TT-**,SI-TT-XX,SI-TT-**,SI-TT-**,,,,,,,,,,,,,,,,,0,,,,,,,spatialDLPFC_LIBD4035,,,,,,,,,,,,,**_*_***,**_*_***,**_*_***,**_*_***,**_*_***,,,,,,,,,,,,,,,,SI-TT-**,SI-TT-**,SI-TT-**,SI-TT-**,SI-TT-**,,,,,,,,,,,,,,,,,0,,,,,,,spatialDLPFC_LIBD4035,,,,,,,,,,,,,**_*_***,**_*_***,**_*_***,**_*_***,**_*_***,,,,,,,,,,,,,,,,SI-TT-**,SI-TT-**,SI-TT-**,SI-TT-**,SI-TT-**,,,,,,,,,,,,,,,,,0
4,2022-01-11,V10B01-088,HE,Reg,CS2,01-26-22_Visium_V10B01-088_HPC_Round1,tif,,,,,,,,,,,,,,,,,,,,,,,,,,,,,,,,,,,,,,,,,,,,,,,,,,,,,,,,,,,,,,,,,,,,,,,[document],Anthony Ramnauth,2,human,Br8686,HPC,N,N,S,lifespanDG_LIBD001,[document],1,visium,,,,,2022-02-01,,,,,1_v_ADR,**_*_***,**_*_***,**_*_***,**_*_***,Visium_HPC_Round1_20220113_Master_ADR.xlsx,,,,,1v_ADR_L00*,,,,,Anthony Ramnauth,,,,,SI-TT-B4,SI-TT-**,SI-TT-**,SI-TT-**,SI-TT-**,GTAGACGAAA,,,,,CTAGTGTGGT,,,,,ACCACACTAG,,,,,,2,human,Br2706,HPC,N,N,S,lifespanDG_LIBD001,[document],1,visium,,,,,2022-02-01,,,,,2_v_ADR,**_*_**,**_*_**,**_*_**,**_*_**,Visium_HPC_Round1_20220113_Master_ADR.xlsx,,,,,2v_ADR_L00*,,,,,Anthony Ramnauth,,,,,SI-TT-D4,SI-TT-**,SI-TT-XX,SI-TT-**,SI-TT-**,GCAGTATAGG,,,,,TTCCGTGCAC,,,,,GTGCACGGAA,,,,,,2,human,Br3942,HPC,N,N,S,lifespanDG_LIBD001,[document],1,visium,,,,,2022-02-01,,,,,3_v_ADR,**_*_**,**_*_**,**_*_**,**_*_**,Visium_HPC_Round1_20220113_Master_ADR.xlsx,,,,,3v_ADR_L00*,,,,,Anthony Ramnauth,,,,,SI-TT-E4,SI-TT-**,SI-TT-XX,SI-TT-**,SI-TT-**,AACCACGCAT,,,,,ATTCAGGTTA,,,,,TAACCTGAAT,,,,,,2,human,Br6023,HPC,N,N,S,lifespanDG_LIBD001,[document],1,visium,,,,,2022-02-01,,,,,4_v_ADR,**_*_**,**_*_**,**_*_**,**_*_**,Visium_HPC_Round1_20220113_Master_ADR.xlsx,,,,,4v_ADR_L00*,,,,,Anthony Ramnauth,,,,,SI-TT-C4,SI-TT-**,SI-TT-XX,SI-TT-**,SI-TT-**,TTCTCGATGA,,,,,TGTCGGGCAC,,,,,GTGCCCGACA,,,,,,2
5,2022-01-26,V10B01-087,IF,Reg,Polaris,20220126_VIF_DLPFC_Real_Fused.tif,tif,Anti-NeuN,Anti-TMEM119,Anti-GFAP,Anti-OLIG2,N/A,Donkey anti-Rabbit-Ig-AF555,Donkey anti-Rat-Ig-AF594,Donkey anti-Goat-Ig-AF647,DAPI,N/A,Sigma Aldrich,Sigma Aldrich,Thermofisher, R&D systems,N/A,Thermofisher,Thermofisher,Thermofisher,Thermofisher,N/A,MAB377X,HPA051870-100UL,13-0300,AF2418,N/A,A-31572,A-21209,A-21447,D1306,N/A,Mouse,Rabbit,Rat ,Goat,N/A,Donkey,Donkey,Donkey,N/A,N/A,NeuN,TMEM119,GFAP,OLIG2,N/A,Rabbit,Rat,Goat,N/A,N/A,1:100,1:20,1:100,1:20,N/A,1:300,1:600,1:400,N/A,N/A,Alexa Fluor 488,N/A,N/A,N/A,N/A,Alexa Fluor 555,Alexa Fluor 594,Alexa Fluor 647,N/A,N/A,[document],Sang Ho Kwon,2,human,Br2720,DLPFC,1,N,C,spatialDLPFC_LIBD4035,[document],1,visium,,,,,2022-02-01,,,,,1_V_SHK,,,,**_*_***,Yes,,,,,,,,,,Sang Ho Kwon,,,,,SI-TT-F4,,,,SI-TT-**,CCCACCACAA,,,,,ACCTCCGCTT,,,,,AAGCGGAGGT,,,,,Kristen Maynard,0,human,Br6432,DLPFC,1,N,C,spatialDLPFC_LIBD4035,[document],1,visium,,,,,2022-02-01,,,,,2_V_SHK,**_*_**,**_*_**,**_*_**,**_*_**,Yes,,,,,,,,,,Sang Ho Kwon,,,,,SI-TT-G4,SI-TT-**,SI-TT-XX,SI-TT-**,SI-TT-**,GCGCTTATGG,,,,,GCCTGGCTAG,,,,,GCCTGGCTAG,,,,,Kristen Maynard,0,human,Br6522,DLPFC,1,N,C,spatialDLPFC_LIBD4035,[document],1,visium,,,,,2022-02-01,,,,,3_V_SHK,**_*_**,**_*_**,**_*_**,**_*_**,,,,,,,,,,,Sang Ho Kwon,,,,,SI-TT-H4,SI-TT-**,SI-TT-XX,SI-TT-**,SI-TT-**,AGTTTCCTGG,,,,,TGCCACACAG,,,,,CTGTGTGGCA,,,,,Kristen Maynard,0,,Br8667,DLPFC,3,N,C,spatialDLPFC_LIBD4035,[document],1,visium,,,,,2022-02-01,,,,,4_V_SHK,**_*_**,**_*_**,**_*_**,**_*_**,Yes,,,,,,,,,,Sang Ho Kwon,,,,,SI-TT-A5,SI-TT-**,SI-TT-XX,SI-TT-**,SI-TT-**,GTAGCCCTGT,,,,,GAGCATCTAT,,,,,ATAGATGCTC,,,,,Kristen Maynard,0
6,2022-02-23,V11L05-334,HE,Reg,CS2,02-23-22_Visium_V11L05-334_HPC_Round2,tif,,,,,,,,,,,,,,,,,,,,,,,,,,,,,,,,,,,,,,,,,,,,,,,,,,,,,,,,,,,,,,,,,,,,,,,[document],Anthony Ramnauth,2,human,Br8195,HPC,N,N,S,lifespanDG_LIBD001,[document],1,visium,,,,,,,,,,05_v_ADR,**_*_***,**_*_***,**_*_***,**_*_***,Visium_HPC_Round2_20220223_Master_ADR.xlsx,,,,,,,,,,Anthony Ramnauth,,,,,SI-TT-B6,SI-TT-**,SI-TT-**,SI-TT-**,SI-TT-**,AATGCCATGA,,,,,TACGTAATGC,,,,,GCATTACGTA,,,,,,0,human,Br1412,HPC,N,N,S,lifespanDG_LIBD001,[document],1,visium,,,,,,,,,,06_v_ADR,**_*_***,**_*_***,**_*_***,**_*_***,Visium_HPC_Round2_20220223_Master_ADR.xlsx,,,,,,,,,,Anthony Ramnauth,,,,,SI-TT-C6,SI-TT-**,SI-TT-**,SI-TT-**,SI-TT-**,ACGACTACCA,,,,,ACGACCCTAA,,,,,TTAGGGTCGT,,,,,,0,human,Br8667,HPC,N,N,S,lifespanDG_LIBD001,[document],1,visium,,,,,,,,,,07_v_ADR,**_*_***,**_*_***,**_*_***,**_*_***,Visium_HPC_Round2_20220223_Master_ADR.xlsx,,,,,,,,,,Anthony Ramnauth,,,,,SI-TT-D6,SI-TT-**,SI-TT-**,SI-TT-**,SI-TT-**,CCCAGCTTCT,,,,,GACACCAAAC,,,,,GTTTGGTGTC,,,,,,0,human,Br5242,HPC,N,N,S,lifespanDG_LIBD001,[document],1,visium,,,,,,,,,,08_v_ADR,**_*_***,**_*_***,**_*_***,**_*_***,Visium_HPC_Round2_20220223_Master_ADR.xlsx,,,,,,,,,,Anthony Ramnauth,,,,,SI-TT-E6,SI-TT-**,SI-TT-**,SI-TT-**,SI-TT-**,TTGAGAGTCA,,,,,AACCTGGTAG,,,,,CTACCAGGTT,,,,,,0
7,2022-02-14,V11L05-333,HE,Reg,CS2,02-14-2022_Visium_V11-L05-333_HPC_Round4,tif,,,,,,,,,,,,,,,,,,,,,,,,,,,,,,,,,,,,,,,,,,,,,,,,,,,,,,,,,,,,,,,,,,,,,,,[document],Stephanie Page,0,human,Br3942,HPC,N,TL,S,spatialHPC_LIBD4035,[document],1,visium,,,,,2022-03-14,,,,,13v_scp,**_*_***,**_*_***,**_*_***,**_*_***,,,,,,13v_scp,,,,,Stephanie Page,,,,,SI-TT-G5,SI-TT-**,SI-TT-**,SI-TT-**,SI-TT-**,ATAGGGCGAG,,,,,TGCATCGAGT,,,,,ACTCGATGCA,,,,,Stephanie C Page,0,human,Br3942,HPC,N,TR,S,spatialHPC_LIBD4035,[document],1,visium,,,,,2022-03-14,,,,,14v_scp,**_*_***,**_*_***,**_*_***,**_*_***,,,,,,14v_scp,,,,,Stephanie Page,,,,,SI-TT-H5,SI-TT-**,SI-TT-**,SI-TT-**,SI-TT-**,AGCAAGAAGC,,,,,TTGTGTTTCT,,,,,AGAAACACAA,,,,,,0,human,Br3942,HPC,N,BL,S,spatialHPC_LIBD4035,[document],1,visium,,,,,2022-03-14,,,,,15v_scp,**_*_***,**_*_***,**_*_***,**_*_***,,,,,,15v_scp,,,,,Stephanie Page,,,,,SI-TT-A6,SI-TT-**,SI-TT-**,SI-TT-**,SI-TT-**,TAACGCGTGA,,,,,CCCTAACTTC,,,,,GAAGTTAGGG,,,,,,0,human,Br3942,HPC,N,BR,S,spatialHPC_LIBD4035,[document],1,visium,,,,,2022-03-14,,,,,16v_scp,**_*_***,**_*_***,**_*_***,**_*_***,,,,,,16v_scp,,,,,Stephanie Page,,,,,SI-TT-F5,SI-TT-**,SI-TT-**,SI-TT-**,SI-TT-**,CGGCTGGATG,,,,,TGATAAGCAC,,,,,GTGCTTATCA,,,,,,0
8,2022-02-28,V11L05-335,HE,Reg,CS2,02-28-2022_Visium_V11L05-335_HPC_Round5,tif,,,,,,,,,,,,,,,,,,,,,,,,,,,,,,,,,,,,,,,,,,,,,,,,,,,,,,,,,,,,,,,,,,,,,,,[document],Stephanie Page,0,human,Br6471,HPC,N,BR,S,spatialHPC_LIBD4035,[document],1,visium,,,,,2022-03-14,,,,,17v_scp,**_*_***,**_*_***,**_*_***,**_*_***,,,,,,17v_scp,,,,,Stephanie Page,,,,,SI-TT-F6,SI-TT-**,SI-TT-**,SI-TT-**,SI-TT-**,TTGCCCGTGC,,,,,GCGTGAGATT,,,,,AATCTCACGC,,,,,,0,human,Br6471,HPC,N,TR,S,spatialHPC_LIBD4035,[document],1,visium,,,,,2022-03-14,,,,,18v_scp,**_*_***,**_*_***,**_*_***,**_*_***,,,,,,18v_scp,,,,,Stephanie Page,,,,,SI-TT-G6,SI-TT-**,SI-TT-**,SI-TT-**,SI-TT-**,GCGGGTAAGT,,,,,TAGCACTAAG,,,,,CTTAGTGCTA,,,,,,0,human,Br6471,HPC,N,TL,S,spatialHPC_LIBD4035,[document],1,visium,,,,,2022-03-14,,,,,19v_scp,**_*_***,**_*_***,**_*_***,**_*_***,,,,,,19v_scp,,,,,Stephanie Page,,,,,SI-TT-H6,SI-TT-**,SI-TT-**,SI-TT-**,SI-TT-**,CCTATCCTCG,,,,,GAATACTAAC,,,,,GTTAGTATTC,,,,,,0,human,Br8325,HPC,N,N,S,spatialHPC_LIBD4035,[document],1,visium,,,,,2022-03-14,,,,,20v_scp,**_*_***,**_*_***,**_*_***,**_*_***,,,,,,20v_scp,,,,,Stephanie Page,,,,,SI-TT-A7,SI-TT-**,SI-TT-**,SI-TT-**,SI-TT-**,TCCCAAGGGT,,,,,TACTACCTTT,,,,,AAAGGTAGTA,,,,,,0
9,2022-02-07,V11A20-297,HE,Reg,CS2,Br8325_Visium_HPC_R3_40X.tif,tif,,,,,,,,,,,,,,,,,,,,,,,,,,,,,,,,,,,,,,,,,,,,,,,,,,,,,,,,,,,,,,,,,,,,,,,[document],Heena Divecha,0,human,Br8325,HPC,N,BL,S,spatialHPC_LIBD4035,[document],1,visium,,,,,2022-03-21,,,,,9v_h,**_*_***,**_*_***,**_*_***,**_*_***,,,,,,,,,,,Heena Divecha,,,,,SI-TT-B5,SI-TT-**,SI-TT-**,SI-TT-**,SI-TT-**,TCGGCTCTAC,,,,,CCGATGGTCT,,,,,AGACCATCGG,,,,,,0,human,Br8325,HPC,N,BR,S,spatialHPC_LIBD4035,[document],1,visium,,,,,,,,,,10v_h,**_*_***,**_*_***,**_*_***,**_*_***,,,,,,,,,,,Heena Divecha,,,,,SI-TT-C5,SI-TT-**,SI-TT-**,SI-TT-**,SI-TT-**,TCCGTTGGAT,,,,,ACGTTCTCGC,,,,,GCGAGAACGT,,,,,,0,human,Br8325,HPC,N,TL,S,spatialHPC_LIBD4035,,1,visium,,,,,,,,,,11v_h,**_*_***,**_*_***,**_*_***,**_*_***,,,,,,,,,,,Heena Divecha,,,,,SI-TT-D5,SI-TT-**,SI-TT-**,SI-TT-**,SI-TT-**,TGGTTCGGGT,,,,,GTGGCAGGAG,,,,,CTCCTGCCAC,,,,,,0,human,Br8325,HPC,N,TR,S,spatialHPC_LIBD4035,[document],1,visium,,,,,,,,,,12v_h,**_*_***,**_*_***,**_*_***,**_*_***,,,,,,,,,,,Heena Divecha,,,,,SI-TT-E5,SI-TT-**,SI-TT-**,SI-TT-**,SI-TT-**,CGCGGTAGGT,,,,,CAGGATGTTG,,,,,CAACATCCTG,,,,,,0
10,2022-03-14,V11L05-336,HE,Reg,CS2,03-15-2022_Visium_V11L05-336_HPC_Round6.tif,tif,,,,,,,,,,,,,,,,,,,,,,,,,,,,,,,,,,,,,,,,,,,,,,,,,,,,,,,,,,,,,,,,,,,,,,,[document],Heena Divecha,0,human,Br8667,HPC,N,BR,S,spatialHPC_LIBD4035,[document],1,visium,,,,,,,,,,21v_h,**_*_***,**_*_***,**_*_***,**_*_***,,,,,,,,,,,Heena Divecha,,,,,SI-TT-H7,SI-TT-**,SI-TT-**,SI-TT-**,SI-TT-**,ACCTCGAGCT,,,,,TGTGTTCGAT,,,,,ATCGAACACA,,,,,,0,human,Br8667,HPC,N,BL,S,spatialHPC_LIBD4035,[document],1,visium,,,,,,,,,,22v_h,**_*_***,**_*_***,**_*_***,**_*_***,,,,,,,,,,,Heena Divecha,,,,,SI-TT-A8,SI-TT-**,SI-TT-**,SI-TT-**,SI-TT-**,CGAAGTATAC,,,,,GAACTTGGAG,,,,,CTCCAAGTTC,,,,,,0,human,Br8667,HPC,N,TR,S,spatialHPC_LIBD4035,[document],1,visium,,,,,,,,,,23v_h,**_*_***,**_*_***,**_*_***,**_*_***,,,,,,,,,,,Heena Divecha,,,,,SI-TT-B8,SI-TT-**,SI-TT-**,SI-TT-**,SI-TT-**,GCACTGAGAA,,,,,TATGCGTGAA,,,,,TTCACGCATA,,,,,,0,human,Br8667,HPC,N,TL,S,spatialHPC_LIBD4035,[document],1,visium,,,,,,,,,,24v_h,**_*_***,**_*_***,**_*_***,**_*_***,,,,,,,,,,,Heena Divecha,,,,,SI-TT-C8,SI-TT-**,SI-TT-**,SI-TT-**,SI-TT-**,GCTACAAAGC,,,,,CACGTGCCCT,,,,,AGGGCACGTG,,,,,,0
11,2022-03-21,V11U08-084,HE,Reg,CS2,03-21-2022_Visium_V11U08-084_HPC_Round7.tif,tif,,,,,,,,,,,,,,,,,,,,,,,,,,,,,,,,,,,,,,,,,,,,,,,,,,,,,,,,,,,,,,,,,,,,,,,[document],Stephanie Page,0,human,Br6522,HPC,N,TL,,spatialHPC_LIBD4035,[document],1,visium,,,,,2022-03-30,,,,,25v_scp,**_*_***,**_*_***,**_*_***,**_*_***,,,,,,,,,,,,,,,,SI-TT-D8,SI-TT-**,SI-TT-**,SI-TT-**,SI-TT-**,CGCTGAAATC,,,,,AGGTGTCTGC,,,,,GCAGACACCT,,,,,Stephanie Page,0,human,Br6522,HPC,N,TR,S,spatialHPC_LIBD4035,,1,visium,,,,,2022-03-30,,,,,26v_scp,**_*_***,**_*_***,**_*_***,**_*_***,,,,,,,,,,,,,,,,SI-TT-E8,SI-TT-**,SI-TT-**,SI-TT-**,SI-TT-**,GAGCAAGGGC,,,,,ATTGACTTGG,,,,,CCAAGTCAAT,,,,,stephanie page,0,human,Br6522,HPC,N,BL,S,spatialHPC_LIBD4035,[document],1,visium,,,,,2022-03-30,,,,,27v_scp,**_*_***,**_*_***,**_*_***,**_*_***,,,,,,,,,,,,,,,,SI-TT-F8,SI-TT-**,SI-TT-**,SI-TT-**,SI-TT-**,CTCCTTTAGA,,,,,GACATAGCTC,,,,,GAGCTATGTC,,,,,Stephanie Page,0,human,Br6522,HPC,N,BR,S,spatialHPC_LIBD4035,,1,visium,,,,,2022-03-30,,,,,28v_scp,**_*_***,**_*_***,**_*_***,**_*_***,,,,,,,,,,,,,,,,SI-TT-G8,SI-TT-**,SI-TT-**,SI-TT-**,SI-TT-**,TAAGCAACTG,,,,,CTATACTCAA,,,,,TTGAGTATAG,,,,,Stephanie Page,0
12,2022-03-28,V11U08-081,HE,Reg,CS2,03-28-2022_Visium_V11U08-081_HPC_Round8_snapshot,tif,,,,,,,,,,,,,,,,,,,,,,,,,,,,,,,,,,,,,,,,,,,,,,,,,,,,,,,,,,,,,,,,,,,,,,,[document],Elizabeth Pattie,0,human,Br8492,HPC,N,TL,S,spatialHPC_LIBD4035,,1,visium,,,,,,,,,,29v_eap,**_*_***,**_*_***,**_*_***,**_*_***,Visium_HPC_Round3-8_033022_SCP,,,,,V11U08-081_A1,,,,,Elizabeth Pattie,,,,,SI-TT-H8,SI-TT-**,SI-TT-**,SI-TT-**,SI-TT-**,ATAAGGATAC,,,,,ATAGATAGGG,,,,,CCCTATCTAT,,,,,,0,human,Br8492,HPC,N,TR,S,spatialHPC_LIBD4035,,1,visium,,,,,,,,,,30v_eap,**_*_***,**_*_***,**_*_***,**_*_***,Visium_HPC_Round3-8_033022_SCP,,,,,V11U08-081_B1,,,,,Elizabeth Pattie,,,,,SI-TT-A9,SI-TT-**,SI-TT-**,SI-TT-**,SI-TT-**,AAGTGGAGAG,,,,,TTCCTGTTAC,,,,,GTAACAGGAA,,,,,,0,human,Br2743,HPC,N,TL,S,spatialHPC_LIBD4035,,1,visium,,,,,,,,,,31v_eap,**_*_***,**_*_***,**_*_***,**_*_***,Visium_HPC_Round3-8_033022_SCP,,,,,V11U08-081_C1,,,,,Elizabeth Pattie,,,,,SI-TT-B9,SI-TT-**,SI-TT-**,SI-TT-**,SI-TT-**,TATTGAGGCA,,,,,CAGGTAAGTG,,,,,CACTTACCTG,,,,,,0,human,Br2743,HPC,N,TR,S,spatialHPC_LIBD4035,,1,visium,,,,,,,,,,32v_eap,**_*_***,**_*_***,**_*_***,**_*_***,Visium_HPC_Round3-8_033022_SCP,,,,,V11U08-081_D1,,,,,Elizabeth Pattie,,,,,SI-TT-C9,SI-TT-**,SI-TT-**,SI-TT-**,SI-TT-**,TATCAGCCTA,,,,,GTTTCGTCCT,,,,,AGGACGAAAC,,,,,,0
13,2021-10-11,V10B01-086,HE,Reg,CS2,10-11-2021_Visium_V10B01-086_HPC_Round2.tif,tif,,,,,,,,,,,,,,,,,,,,,,,,,,,,,,,,,,,,,,,,,,,,,,,,,,,,,,,,,,,,,,,,,,,,,,,,Stephanie Page,2,human,Br6432-R,HPC,N,TL,,spatialHPC_LIBD4035,,1,visium,,,,,2022-04-26,,,,,5v_scp,**_*_***,**_*_***,**_*_***,**_*_***,Visium_HPC_Round1+2_110321_Master_SCP,,,,,V10B01-086_A1,,,,,Stephanie Page,,,,,SI-TT-G1,SI-TT-**,SI-TT-**,SI-TT-**,SI-TT-**,TGTAGTCATT,,,,,CTTGATCGTA,,,,,TACGATCAAG,,,,,Madhavi Tippani,2,human,Br6432-R,HPC,N,BL,S,spatialHPC_LIBD4035,,1,visium,,,,,2022-04-26,,,,,6v_scp,**_*_***,**_*_***,**_*_***,**_*_***,Visium_HPC_Round1+2_110321_Master_SCP,,,,,V10B01-086_B1,,,,,Stephanie Page,,,,,SI-TT-H1,SI-TT-**,SI-TT-**,SI-TT-**,SI-TT-**,ACAATGTGAA,,,,,CGTACCGTTA,,,,,TAACGGTACG,,,,,Madhavi Tippani,2,human,Br2743-Y,HPC,N,TR,S,spatialHPC_LIBD4035,,1,visium,,,,,2022-04-26,,,,,7v_scp,**_*_***,**_*_***,**_*_***,**_*_***,Visium_HPC_Round1+2_110321_Master_SCP,,,,,V10B01-086_C1,,,,,Stephanie Page,,,,,SI-TT-A2,SI-TT-**,SI-TT-**,SI-TT-**,SI-TT-**,GTGGATCAAA,,,,,GCCAACCCTG,,,,,CAGGGTTGGC,,,,,Madhavi Tippani,2,human,Br2743-Y,HPC,N,BR,S,spatialHPC_LIBD4035,,1,visium,,,,,2022-04-26,,,,,8v_scp,**_*_***,**_*_***,**_*_***,**_*_***,Visium_HPC_Round1+2_110321_Master_SCP,,,,,V10B01-086_D1,,,,,Stephanie Page,,,,,SI-TT-D3,SI-TT-**,SI-TT-**,SI-TT-**,SI-TT-**,CCTTCTAGAG,,,,,AATACAACGA,,,,,TCGTTGTATT,,,,,Madhavi Tippani,2